source,target
belaki,WorldNewsMods
belaki,belaki
belaki,SimonArgead
belaki,tomscaters
belaki,helm
belaki,thisiscotty
belaki,purpleefilthh
belaki,IndistinctChatters
belaki,troglydot
WorldNewsMods,Burnsy825
WorldNewsMods,jargo3
WorldNewsMods,WorldNewsMods
WorldNewsMods,BagHolder9001
WorldNewsMods,Glavurdan
Burnsy825,AllDeerHateDisco
Burnsy825,Boye
jargo3,CavemanMork
jargo3,htgrower
SimonArgead,AwesomeFama
SimonArgead,008Zulu
AllDeerHateDisco,eggyal
Boye,KSaburof
Boye,herecomesanewchallen
purpleefilthh,htgrower
troglydot,Klutzy_Theory_2053
AwesomeFama,htgrower
AwesomeFama,eighty_more_or_less
htgrower,eighty_more_or_less
jews4beer,AutoModerator
jews4beer,Ok_Machine_2916
jews4beer,PorterB
jews4beer,AnxiousPeanut1990
jews4beer,ahmuh1306
jews4beer,Berly653
AutoModerator,EmbarrassedHelp
AutoModerator,progress18
AutoModerator,NaderNation84
AutoModerator,Lipush
AutoModerator,ahmuh1306
AutoModerator,pandas795
AutoModerator,isotoph_
AutoModerator,AnxiousPeanut1990
AutoModerator,CuteAndQuirkyNazgul
AutoModerator,RiverCartwright
AutoModerator,Equal_Present_3927
AutoModerator,oldfogey12345
AutoModerator,MetricTrout
AutoModerator,Silvuh_Ad_9046
AutoModerator,Anon_throwawayacc20
AutoModerator,jaroborzita
AutoModerator,Eheh00999
AutoModerator,Ratemyskills
AutoModerator,MothraEpoch
AutoModerator,Guy_GuyGuy
AutoModerator,Ok_Island_9825
AutoModerator,JoeShmoAfro
AutoModerator,Snoutysensations
AutoModerator,Kaykoo-the-wise
AutoModerator,PursuerOfCataclysm
AutoModerator,edleranalytics
AutoModerator,PontificatinPlatypus
EmbarrassedHelp,Ok_Machine_2916
EmbarrassedHelp,Swimming-Cupcake7041
EmbarrassedHelp,Lipush
EmbarrassedHelp,Billy-Bryant
NaderNation84,MrRicKard
NaderNation84,jazir5
Lipush,dan_zg
Lipush,NoonieHaru
Lipush,letife
Lipush,NotThatBritishGirl
Lipush,StatisticianFair930
ahmuh1306,StizzyInDaHizzy
ahmuh1306,the133448
ahmuh1306,PorterB
ahmuh1306,michaelas10sk8
ahmuh1306,AnxiousPeanut1990
ahmuh1306,hauntedSquirrel99
ahmuh1306,turbocynic
pandas795,Not_Cleaver
AnxiousPeanut1990,latherrinseregret
AnxiousPeanut1990,chem072117
AnxiousPeanut1990,Eheh00999
AnxiousPeanut1990,dan_zg
RiverCartwright,Equal_Present_3927
RiverCartwright,ganbaro
RiverCartwright,michaelNXT1
RiverCartwright,Smooth-Bid-3474
RiverCartwright,KnightWhoSaysNnni
RiverCartwright,Seri0usJack
RiverCartwright,Anon_throwawayacc20
RiverCartwright,CentJr
Equal_Present_3927,Logical_Welder3467
Equal_Present_3927,DenTwann
Equal_Present_3927,zetarn
Equal_Present_3927,CentJr
Equal_Present_3927,Tonyman121
Equal_Present_3927,cosmicrae
MetricTrout,KnightWhoSaysNnni
Anon_throwawayacc20,Sodonewithidiots
Anon_throwawayacc20,GasolinePizza
Anon_throwawayacc20,southpolefiesta
Anon_throwawayacc20,AnwaAnduril
Anon_throwawayacc20,CantaloupeUpstairs62
Anon_throwawayacc20,BlouseoftheDragon
jaroborzita,TheBin101
jaroborzita,KwameDada
jaroborzita,MothraEpoch
jaroborzita,morgano
Eheh00999,nightsky04
Eheh00999,Cheesey-Boureka
Eheh00999,imnotactuallyvegan
Eheh00999,Sundrawn
Eheh00999,Ithikari
Ratemyskills,Cheesey-Boureka
MothraEpoch,hauntedSquirrel99
Guy_GuyGuy,CaregiverTime5713
Guy_GuyGuy,helic_vet
Snoutysensations,frosthowler
Snoutysensations,Black8urn
Snoutysensations,yourfutileefforts342
PursuerOfCataclysm,dan_zg
edleranalytics,RippingOne
edleranalytics,epicredditdude1
edleranalytics,LunaLlovely
edleranalytics,MWXDrummer
edleranalytics,HighburyOnStrand
edleranalytics,finauvale6
PontificatinPlatypus,epicredditdude1
Ok_Machine_2916,Khshayarshah
Ok_Machine_2916,Responsible_Wolf5658
Ok_Machine_2916,NATO_CAPITALIST
Ok_Machine_2916,ganbaro
Ok_Machine_2916,Tonyman121
Berly653,ganbaro
jazir5,iChrist
dan_zg,PenguinPetesLostBod
StizzyInDaHizzy,AlternativeHumour
StizzyInDaHizzy,Wight3012
the133448,epicredditdude1
the133448,TheHammerandSizzel
michaelas10sk8,SlightAppearance3337
Not_Cleaver,letife
Not_Cleaver,morgano
Not_Cleaver,iChrist
Not_Cleaver,Khshayarshah
latherrinseregret,chem072117
latherrinseregret,letife
Seri0usJack,bearforever
CentJr,mastercheft
Logical_Welder3467,RippingOne
Logical_Welder3467,Notfriendly123
DenTwann,tomtforgot
southpolefiesta,turbocynic
hauntedSquirrel99,xSaRgED
hauntedSquirrel99,Redditing-Dutchman
hauntedSquirrel99,stayfrosty
CaregiverTime5713,Karpattata
CaregiverTime5713,Khshayarshah
CaregiverTime5713,Redditing-Dutchman
CaregiverTime5713,Sundrawn
CaregiverTime5713,wtshiz
yourfutileefforts342,SlightAppearance3337
NotThatBritishGirl,iChrist
RippingOne,turbocynic
RippingOne,TheHammerandSizzel
epicredditdude1,cosmicrae
finauvale6,turbocynic
NATO_CAPITALIST,turbocynic
NATO_CAPITALIST,PenguinPetesLostBod
NATO_CAPITALIST,mrmicawber32
bearforever,iChrist
turbocynic,Routine_Slice_4194
xSaRgED,nuvo_reddit
xSaRgED,stayfrosty
xSaRgED,AWildDragon
PenguinPetesLostBod,Mitchellsusanwag
stayfrosty,__Soldier__
