source,target,datetime,timestamp
belaki,WorldNewsMods,,['2024-10-20 04:02:53']
WorldNewsMods,WorldNewsMods,,['2024-10-20 04:02:53']
WorldNewsMods,Real-Bastard,,['2024-10-20 04:02:53']
WorldNewsMods,Careless_Sandwich_88,,['2024-10-20 04:02:53']
WorldNewsMods,Glavurdan,,['2024-10-20 04:02:53']
WorldNewsMods,hukep,,['2024-10-20 04:02:53']
Careless_Sandwich_88,tapasmonkey,,['2024-10-20 04:02:53']
Careless_Sandwich_88,tomscaters,,['2024-10-20 04:02:53']
Careless_Sandwich_88,KremlinHoosegaffer,,['2024-10-20 04:02:53']
Careless_Sandwich_88,IFoundTheCowLevel,,['2024-10-20 04:02:53']
Careless_Sandwich_88,the-fooper,,['2024-10-20 04:02:53']
tomscaters,Mhdamas,,['2024-10-20 04:02:53']
IFoundTheCowLevel,IndistinctChatters,,['2024-10-20 04:02:53']
EmbarrassedHelp,AutoModerator,,['2024-10-19 21:01:19']
EmbarrassedHelp,Ok_Machine_2916,,['2024-10-19 21:01:19']
EmbarrassedHelp,Swimming-Cupcake7041,,['2024-10-19 21:01:19']
AutoModerator,progress18,,['2024-10-19 21:01:19']
AutoModerator,isotoph_,,['2024-10-19 21:01:19']
AutoModerator,Equal_Present_3927,,['2024-10-19 21:01:19']
AutoModerator,oldfogey12345,,['2024-10-19 21:01:19']
AutoModerator,Anon_throwawayacc20,,['2024-10-19 21:01:19']
AutoModerator,Ratemyskills,,['2024-10-19 21:01:19']
AutoModerator,Ok_Island_9825,,['2024-10-19 21:01:19']
AutoModerator,edleranalytics,,['2024-10-19 21:01:19']
AutoModerator,PursuerOfCataclysm,,['2024-10-19 21:01:19']
AutoModerator,PontificatinPlatypus,,['2024-10-19 21:01:19']
Ok_Machine_2916,Khshayarshah,,['2024-10-19 21:01:19']
Ok_Machine_2916,Responsible_Wolf5658,,"['2024-10-19 21:01:19', '2024-10-19 21:01:19']"
Ok_Machine_2916,NATO_CAPITALIST,,['2024-10-19 21:01:19']
Ok_Machine_2916,Tonyman121,,['2024-10-19 21:01:19']
Equal_Present_3927,Logical_Welder3467,,['2024-10-19 21:01:19']
Equal_Present_3927,DenTwann,,['2024-10-19 21:01:19']
Equal_Present_3927,Tonyman121,,['2024-10-19 21:01:19']
Anon_throwawayacc20,Sodonewithidiots,,['2024-10-19 21:01:19']
Anon_throwawayacc20,GasolinePizza,,['2024-10-19 21:01:19']
Anon_throwawayacc20,southpolefiesta,,"['2024-10-19 21:01:19', '2024-10-19 21:01:19']"
Anon_throwawayacc20,CantaloupeUpstairs62,,['2024-10-19 21:01:19']
Anon_throwawayacc20,BlouseoftheDragon,,['2024-10-19 21:01:19']
Ratemyskills,Pm_5005,,['2024-10-19 21:01:19']
edleranalytics,RippingOne,,['2024-10-19 21:01:19']
edleranalytics,epicredditdude1,,['2024-10-19 21:01:19']
edleranalytics,finauvale6,,['2024-10-19 21:01:19']
edleranalytics,HighburyOnStrand,,['2024-10-19 21:01:19']
edleranalytics,MWXDrummer,,['2024-10-19 21:01:19']
PursuerOfCataclysm,dan_zg,,['2024-10-19 21:01:19']
PontificatinPlatypus,epicredditdude1,,['2024-10-19 21:01:19']
Logical_Welder3467,RippingOne,,['2024-10-19 21:01:19']
Logical_Welder3467,Notfriendly123,,['2024-10-19 21:01:19']
DenTwann,tomtforgot,,['2024-10-19 21:01:19']
GasolinePizza,Berly653,,['2024-10-19 21:01:19']
GasolinePizza,BritishBedouin,,"['2024-10-19 21:01:19', '2024-10-19 21:01:19', '2024-10-19 21:01:19', '2024-10-19 21:01:19']"
southpolefiesta,turbocynic,,['2024-10-19 21:01:19']
RippingOne,turbocynic,,"['2024-10-19 21:01:19', '2024-10-19 21:01:19']"
RippingOne,TheHammerandSizzel,,['2024-10-19 21:01:19']
epicredditdude1,the133448,,['2024-10-19 21:01:19']
finauvale6,turbocynic,,['2024-10-19 21:01:19']
Khshayarshah,CaregiverTime5713,,['2024-10-19 21:01:19']
NATO_CAPITALIST,turbocynic,,['2024-10-19 21:01:19']
TheHammerandSizzel,the133448,,['2024-10-19 21:01:19']
CaregiverTime5713,OrangeJr36,,"['2024-10-19 21:01:19', '2024-10-19 21:01:19', '2024-10-19 21:01:19']"
Costco1L,ClarkFable,,"['2024-10-19 21:01:19', '2024-10-19 21:01:19', '2024-10-19 21:01:19']"
Costco1L,fury420,,['2024-10-19 21:01:19']
